userId,Movie,genres,keywords
1,The Dark,"[{'id': 27, 'name': 'Horror'}, {'id': 53, 'name': 'Thriller'}, {'id': 9648, 'name': 'Mystery'}]","[{'id': 236, 'name': 'suicide'}, {'id': 439, 'name': 'paradise'}, {'id': 516, 'name': 'child abuse'}, {'id': 658, 'name': 'sea'}, {'id': 704, 'name': 'adolescence'}, {'id': 1209, 'name': 'wales'}, {'id': 1328, 'name': 'secret'}, {'id': 1449, 'name': 'underworld'}, {'id': 1450, 'name': 'shepherd'}, {'id': 1452, 'name': 'loss of child'}, {'id': 3020, 'name': 'sheep'}, {'id': 9457, 'name': 'single'}, {'id': 10707, 'name': 'mother daughter relationship'}, {'id': 173162, 'name': 'sect'}]"
1,Dracula,"[{'id': 27, 'name': 'Horror'}]","[{'id': 272, 'name': 'transylvania'}, {'id': 818, 'name': 'based on novel'}, {'id': 1299, 'name': 'monster'}, {'id': 3098, 'name': 'castle'}, {'id': 3133, 'name': 'vampire'}, {'id': 3633, 'name': 'dracula'}, {'id': 3986, 'name': 'spider'}, {'id': 6932, 'name': 'count'}, {'id': 10181, 'name': 'based on play or musical'}, {'id': 10327, 'name': 'undead'}, {'id': 10482, 'name': 'sanitarium'}, {'id': 155489, 'name': 'classic horror'}, {'id': 193227, 'name': 'lunatic'}]"
1,Saw,"[{'id': 27, 'name': 'Horror'}, {'id': 9648, 'name': 'Mystery'}, {'id': 80, 'name': 'Crime'}]","[{'id': 1366, 'name': 'shotgun'}, {'id': 13000, 'name': 'based on short film'}, {'id': 13125, 'name': 'sadist'}, {'id': 13132, 'name': 'pistol'}, {'id': 157367, 'name': 'chained'}, {'id': 157375, 'name': 'bludgeoning'}, {'id': 157376, 'name': 'game of death'}]"
1,A Nightmare on Elm Street,"[{'id': 27, 'name': 'Horror'}]","[{'id': 1468, 'name': 'child murderer'}, {'id': 2116, 'name': 'sleep'}, {'id': 3030, 'name': 'nightmare'}, {'id': 6152, 'name': 'supernatural'}, {'id': 12339, 'name': 'slasher'}, {'id': 13130, 'name': 'teenager'}, {'id': 18029, 'name': 'trapped'}, {'id': 33457, 'name': 'alcoholic'}, {'id': 157418, 'name': 'boiler room'}, {'id': 163841, 'name': 'booby trap'}, {'id': 170383, 'name': 'disfigurement'}, {'id': 171814, 'name': 'medical test'}, {'id': 225209, 'name': 'dreams'}]"
1,The Ring,"[{'id': 27, 'name': 'Horror'}, {'id': 9648, 'name': 'Mystery'}]","[{'id': 736, 'name': 'journalist'}, {'id': 793, 'name': 'drowning'}, {'id': 2041, 'name': 'island'}, {'id': 2136, 'name': 'television'}, {'id': 2673, 'name': 'horse'}, {'id': 3297, 'name': 'videoband'}, {'id': 5340, 'name': 'investigation'}, {'id': 6103, 'name': 'telephone'}, {'id': 9714, 'name': 'remake'}, {'id': 9853, 'name': 'paranormal'}, {'id': 10541, 'name': 'curse'}, {'id': 13209, 'name': 'cabin in the woods'}, {'id': 162846, 'name': 'ghost'}, {'id': 172784, 'name': 'well'}, {'id': 177185, 'name': 'videotape'}, {'id': 185408, 'name': 'supernatural horror'}, {'id': 211197, 'name': 'mysterious death'}, {'id': 234598, 'name': 'remake of asian film'}]"
1,The Birds,"[{'id': 27, 'name': 'Horror'}]","[{'id': 2589, 'name': 'pet shop'}, {'id': 3556, 'name': 'seclusion'}, {'id': 5500, 'name': 'playground'}, {'id': 9937, 'name': 'suspense'}, {'id': 10430, 'name': 'seagull'}, {'id': 11183, 'name': 'fireplace'}, {'id': 11237, 'name': 'rotoscoping'}, {'id': 11429, 'name': 'head wound'}, {'id': 11732, 'name': 'cigarette smoking'}, {'id': 14660, 'name': 'bird attack'}, {'id': 156037, 'name': 'socialite'}, {'id': 156390, 'name': 'face slap'}, {'id': 156866, 'name': 'based on short story'}, {'id': 159841, 'name': 'cigarette lighter'}, {'id': 168115, 'name': 'practical joke'}, {'id': 170378, 'name': 'schoolteacher'}, {'id': 172210, 'name': 'lovebird'}, {'id': 172218, 'name': 'shopkeeper'}, {'id': 172223, 'name': 'chased down street'}, {'id': 172225, 'name': 'unsolved mystery'}, {'id': 172226, 'name': 'blood on head'}, {'id': 172228, 'name': 'schoolhouse'}]"
1,Silent Hill,"[{'id': 27, 'name': 'Horror'}, {'id': 9648, 'name': 'Mystery'}]","[{'id': 1299, 'name': 'monster'}, {'id': 2784, 'name': 'mother role'}, {'id': 2871, 'name': 'burning of witches'}, {'id': 3002, 'name': 'fog'}, {'id': 3032, 'name': 'suffering'}, {'id': 3762, 'name': 'darkness'}, {'id': 4426, 'name': 'sadism'}, {'id': 6152, 'name': 'supernatural'}, {'id': 9748, 'name': 'revenge'}, {'id': 9887, 'name': 'surrealism'}, {'id': 10292, 'name': 'gore'}, {'id': 10349, 'name': 'survival'}, {'id': 10842, 'name': 'good vs evil'}, {'id': 11221, 'name': 'blood'}, {'id': 12446, 'name': 'another dimension'}, {'id': 13006, 'name': 'torture'}, {'id': 13031, 'name': 'creature'}, {'id': 14819, 'name': 'violence'}, {'id': 15001, 'name': 'demon'}, {'id': 40929, 'name': 'witch burning'}, {'id': 41645, 'name': 'based on video game'}, {'id': 157444, 'name': 'dismemberment'}, {'id': 161264, 'name': 'religious fanatic'}, {'id': 166701, 'name': 'ghost town'}, {'id': 179878, 'name': 'sleepwalking'}]"
1,Poltergeist,"[{'id': 27, 'name': 'Horror'}]","[{'id': 970, 'name': 'parent child relationship'}, {'id': 2723, 'name': 'medium'}, {'id': 3093, 'name': 'ghostbuster'}, {'id': 3350, 'name': 'poltergeist'}, {'id': 3358, 'name': 'haunted house'}, {'id': 3737, 'name': 'dying and death'}, {'id': 10235, 'name': 'family relationships'}, {'id': 10842, 'name': 'good vs evil'}, {'id': 11627, 'name': 'paranormal phenomena'}, {'id': 196964, 'name': 'power of goodness'}, {'id': 230191, 'name': 'haunted'}]"
1,The Ninth Gate,"[{'id': 27, 'name': 'Horror'}, {'id': 9648, 'name': 'Mystery'}, {'id': 53, 'name': 'Thriller'}]","[{'id': 242, 'name': 'new york'}, {'id': 1523, 'name': 'obsession'}, {'id': 1745, 'name': 'passion for collection'}, {'id': 2335, 'name': 'southern france'}, {'id': 3095, 'name': 'antiquary'}, {'id': 3096, 'name': 'book'}, {'id': 3097, 'name': 'picture puzzle'}, {'id': 3098, 'name': 'castle'}, {'id': 3099, 'name': 'satanism'}, {'id': 15001, 'name': 'demon'}, {'id': 33626, 'name': 'millionaire'}]"
1,Angel Heart,"[{'id': 27, 'name': 'Horror'}, {'id': 9648, 'name': 'Mystery'}, {'id': 53, 'name': 'Thriller'}]","[{'id': 531, 'name': 'southern usa'}, {'id': 1453, 'name': 'amnesia'}, {'id': 1803, 'name': 'drug addiction'}, {'id': 2411, 'name': 'new orleans'}, {'id': 2835, 'name': 'neurosis'}, {'id': 2860, 'name': 'heart'}, {'id': 3177, 'name': 'fan'}, {'id': 3179, 'name': 'sanatorium'}, {'id': 5160, 'name': 'aggression by animal'}, {'id': 10629, 'name': 'vision'}, {'id': 11221, 'name': 'blood'}, {'id': 14765, 'name': 'church'}, {'id': 14964, 'name': 'drug'}, {'id': 15001, 'name': 'demon'}, {'id': 33841, 'name': 'incest'}]"
2,When Harry Met Sally...,"[{'id': 35, 'name': 'Comedy'}, {'id': 10749, 'name': 'Romance'}, {'id': 18, 'name': 'Drama'}]","[{'id': 242, 'name': 'new york'}, {'id': 1157, 'name': 'wife husband relationship'}, {'id': 1946, 'name': 'restaurant'}, {'id': 3200, 'name': 'platonic love'}, {'id': 3201, 'name': 'orgasm'}, {'id': 6054, 'name': 'friendship'}, {'id': 10556, 'name': 'male female relationship'}]"
2,Meet the Fockers,"[{'id': 35, 'name': 'Comedy'}, {'id': 10749, 'name': 'Romance'}]","[{'id': 591, 'name': 'cia'}, {'id': 970, 'name': 'parent child relationship'}, {'id': 1196, 'name': 'florida'}, {'id': 2088, 'name': 'anti-authoritarian upbringing'}, {'id': 2606, 'name': 'jew'}, {'id': 3453, 'name': 'parents-in-law'}, {'id': 3454, 'name': 'orderly'}, {'id': 3455, 'name': 'just married'}, {'id': 3456, 'name': 'sex therapy'}, {'id': 6188, 'name': 'bad father-in-law'}, {'id': 18035, 'name': 'family'}, {'id': 183886, 'name': 'illegitimate son'}]"
2,Manhattan,"[{'id': 35, 'name': 'Comedy'}, {'id': 18, 'name': 'Drama'}, {'id': 10749, 'name': 'Romance'}]","[{'id': 242, 'name': 'new york'}, {'id': 596, 'name': 'adultery'}, {'id': 818, 'name': 'based on novel'}, {'id': 2087, 'name': 'lolita'}, {'id': 9673, 'name': 'love'}, {'id': 9840, 'name': 'romance'}, {'id': 10183, 'name': 'independent film'}, {'id': 11869, 'name': 'mistress'}, {'id': 13028, 'name': 'writer'}, {'id': 14534, 'name': 'relationship'}, {'id': 14828, 'name': 'city'}, {'id': 15160, 'name': 'divorce'}, {'id': 168346, 'name': 'manhattan, new york city'}, {'id': 193682, 'name': 'married'}]"
2,Annie Hall,"[{'id': 35, 'name': 'Comedy'}, {'id': 18, 'name': 'Drama'}, {'id': 10749, 'name': 'Romance'}]","[{'id': 2398, 'name': 'narration'}, {'id': 2835, 'name': 'neurosis'}, {'id': 3485, 'name': 'comedian'}, {'id': 3489, 'name': 'job interview'}, {'id': 9673, 'name': 'love'}, {'id': 10229, 'name': 'singer'}, {'id': 11508, 'name': 'jewish'}, {'id': 11687, 'name': 'breaking the fourth wall'}, {'id': 160442, 'name': 'talking to the audience'}, {'id': 162463, 'name': 'volkswagen beetle'}]"
2,Tillsammans,"[{'id': 18, 'name': 'Drama'}, {'id': 35, 'name': 'Comedy'}, {'id': 10749, 'name': 'Romance'}]","[{'id': 458, 'name': 'hippie'}, {'id': 1192, 'name': 'sweden'}, {'id': 1228, 'name': '1970s'}, {'id': 1253, 'name': 'roommate'}, {'id': 1698, 'name': 'ideology'}, {'id': 1773, 'name': 'socialism'}, {'id': 2383, 'name': 'feminism'}, {'id': 2412, 'name': 'commune'}, {'id': 2821, 'name': 'pacifism'}, {'id': 3469, 'name': 'utopia'}, {'id': 9457, 'name': 'single'}, {'id': 33457, 'name': 'alcoholic'}, {'id': 220491, 'name': 'anti-authoritarian'}]"
2,Gentlemen Prefer Blondes,"[{'id': 35, 'name': 'Comedy'}, {'id': 10749, 'name': 'Romance'}]","[{'id': 90, 'name': 'paris'}, {'id': 494, 'name': 'father son relationship'}, {'id': 642, 'name': 'robbery'}, {'id': 1384, 'name': 'diamant'}, {'id': 1802, 'name': 'revuegirls'}, {'id': 3897, 'name': 'double wedding'}, {'id': 4344, 'name': 'musical'}, {'id': 6099, 'name': 'jewelry'}, {'id': 33626, 'name': 'millionaire'}]"
2,La RÃ¨gle du jeu,"[{'id': 18, 'name': 'Drama'}, {'id': 35, 'name': 'Comedy'}, {'id': 10749, 'name': 'Romance'}]","[{'id': 90, 'name': 'paris'}, {'id': 213, 'name': 'upper class'}, {'id': 931, 'name': 'jealousy'}, {'id': 964, 'name': 'servant'}, {'id': 3203, 'name': 'pilot'}, {'id': 4029, 'name': 'bourgeoisie'}, {'id': 33688, 'name': 'hunting'}]"
2,Roman Holiday,"[{'id': 35, 'name': 'Comedy'}, {'id': 10749, 'name': 'Romance'}]","[{'id': 588, 'name': 'rome'}, {'id': 1308, 'name': 'secret identity'}, {'id': 1422, 'name': 'boat'}, {'id': 1691, 'name': 'dance'}, {'id': 2051, 'name': 'intelligence'}, {'id': 3691, 'name': 'forbidden love'}, {'id': 4123, 'name': 'embassy'}, {'id': 4263, 'name': 'duty'}, {'id': 4674, 'name': 'sightseeing'}, {'id': 6025, 'name': 'photography'}]"
2,Sleepless in Seattle,"[{'id': 35, 'name': 'Comedy'}, {'id': 18, 'name': 'Drama'}, {'id': 10749, 'name': 'Romance'}]","[{'id': 494, 'name': 'father son relationship'}, {'id': 725, 'name': 'lovesickness'}, {'id': 736, 'name': 'journalist'}, {'id': 936, 'name': 'loss of mother'}, {'id': 1014, 'name': 'loss of lover'}, {'id': 1224, 'name': 'radio station'}, {'id': 1441, 'name': 'christmas party'}, {'id': 2038, 'name': ""love of one's life""}, {'id': 2135, 'name': 'radio'}, {'id': 2350, 'name': 'seattle'}, {'id': 2672, 'name': 'baltimore'}, {'id': 2687, 'name': 'fiancÃ©'}, {'id': 3740, 'name': 'radio presenter'}, {'id': 3800, 'name': 'airplane'}, {'id': 4305, 'name': 'radio transmission'}, {'id': 4306, 'name': 'observation deck'}, {'id': 6054, 'name': 'friendship'}, {'id': 6059, 'name': 'unsociability'}, {'id': 187056, 'name': 'woman director'}]"
2,Singin' in the Rain,"[{'id': 35, 'name': 'Comedy'}, {'id': 10402, 'name': 'Music'}, {'id': 10749, 'name': 'Romance'}]","[{'id': 3177, 'name': 'fan'}, {'id': 3748, 'name': 'morning'}, {'id': 4344, 'name': 'musical'}, {'id': 6494, 'name': 'talkie'}, {'id': 9104, 'name': 'partner'}, {'id': 9732, 'name': 'movie in movie'}, {'id': 156028, 'name': 'broadway'}, {'id': 164090, 'name': 'audience'}, {'id': 164623, 'name': 'chorus girl'}, {'id': 164628, 'name': 'diction coach'}, {'id': 164636, 'name': 'pearl necklace'}, {'id': 164641, 'name': 'flapper'}]"
3,Eyes Wide Shut,"[{'id': 9648, 'name': 'Mystery'}, {'id': 18, 'name': 'Drama'}]","[{'id': 314, 'name': 'life and death'}, {'id': 459, 'name': 'sexual obsession'}, {'id': 460, 'name': 'free love'}, {'id': 826, 'name': 'heterosexual'}, {'id': 1441, 'name': 'christmas party'}, {'id': 1664, 'name': 'eroticism'}, {'id': 1817, 'name': 'orgy'}, {'id': 2404, 'name': 'masked ball'}, {'id': 10776, 'name': 'marijuana'}, {'id': 33625, 'name': 'illegal prostitution'}]"
3,To Catch a Thief,"[{'id': 80, 'name': 'Crime'}, {'id': 18, 'name': 'Drama'}, {'id': 9648, 'name': 'Mystery'}, {'id': 10749, 'name': 'Romance'}, {'id': 53, 'name': 'Thriller'}]","[{'id': 612, 'name': 'hotel'}, {'id': 769, 'name': 'falsely accused'}, {'id': 885, 'name': 'villa'}, {'id': 931, 'name': 'jealousy'}, {'id': 965, 'name': 'age difference'}, {'id': 977, 'name': 'cat'}, {'id': 996, 'name': 'expensive restaurant'}, {'id': 1861, 'name': 'nice'}, {'id': 2335, 'name': 'southern france'}, {'id': 2404, 'name': 'masked ball'}, {'id': 2405, 'name': 'roof'}, {'id': 2406, 'name': 'picnic'}, {'id': 2407, 'name': 'fireworks'}, {'id': 2408, 'name': ""côte d'azur""}, {'id': 6099, 'name': 'jewelry'}, {'id': 6149, 'name': 'police'}, {'id': 9937, 'name': 'suspense'}, {'id': 155658, 'name': 'blonde woman'}, {'id': 156082, 'name': 'cat burglar'}]"
3,Caché,"[{'id': 9648, 'name': 'Mystery'}, {'id': 18, 'name': 'Drama'}, {'id': 53, 'name': 'Thriller'}]","[{'id': 90, 'name': 'paris'}, {'id': 213, 'name': 'upper class'}, {'id': 1525, 'name': 'puberty'}, {'id': 1596, 'name': 'anonymous letter'}, {'id': 1660, 'name': 'suppressed past'}, {'id': 2245, 'name': 'massacre on french algerians 1961'}, {'id': 2246, 'name': 'confidence'}, {'id': 2248, 'name': 'moderator'}, {'id': 2249, 'name': 'camcorder'}, {'id': 2250, 'name': 'menace'}, {'id': 2251, 'name': 'lie'}, {'id': 2263, 'name': 'algerian'}, {'id': 3297, 'name': 'videoband'}, {'id': 6258, 'name': 'intellectual'}, {'id': 33674, 'name': 'conscience'}]"
3,Pi,"[{'id': 9648, 'name': 'Mystery'}, {'id': 18, 'name': 'Drama'}, {'id': 53, 'name': 'Thriller'}]","[{'id': 2157, 'name': 'hacker'}, {'id': 2303, 'name': 'mathematician'}, {'id': 2358, 'name': 'helix'}, {'id': 2359, 'name': 'headache'}, {'id': 2362, 'name': 'chaos theory'}, {'id': 2390, 'name': 'migraine'}, {'id': 6009, 'name': 'mathematics'}, {'id': 6255, 'name': 'insanity'}, {'id': 6257, 'name': 'genius'}]"
3,Marnie,"[{'id': 80, 'name': 'Crime'}, {'id': 18, 'name': 'Drama'}, {'id': 9648, 'name': 'Mystery'}, {'id': 53, 'name': 'Thriller'}]","[{'id': 276, 'name': 'philadelphia'}, {'id': 447, 'name': 'post traumatic stress  disorder'}, {'id': 549, 'name': 'prostitute'}, {'id': 570, 'name': 'rape'}, {'id': 643, 'name': 'horse race'}, {'id': 739, 'name': 'sexual abuse'}, {'id': 930, 'name': 'in love with enemy'}, {'id': 1252, 'name': 'suicide attempt'}, {'id': 1443, 'name': 'clerk'}, {'id': 1936, 'name': 'blackmail'}, {'id': 2039, 'name': 'sexual frustration'}, {'id': 2251, 'name': 'lie'}, {'id': 2284, 'name': 'horseback riding'}, {'id': 2316, 'name': ""women's sexual identity""}, {'id': 2547, 'name': 'new identity'}, {'id': 2548, 'name': 'kleptomania'}, {'id': 2672, 'name': 'baltimore'}, {'id': 2673, 'name': 'horse'}, {'id': 2675, 'name': 'frigidity'}, {'id': 2676, 'name': 'honeymoon'}, {'id': 2699, 'name': 'fetish'}, {'id': 2749, 'name': 'riding accident'}, {'id': 2799, 'name': 'cruise'}, {'id': 2800, 'name': 'psychology'}, {'id': 2801, 'name': 'self-defense'}, {'id': 2843, 'name': 'fetishism'}, {'id': 3713, 'name': 'chase'}, {'id': 9937, 'name': 'suspense'}, {'id': 13001, 'name': 'cowardliness'}]"
3,Rear Window,"[{'id': 18, 'name': 'Drama'}, {'id': 9648, 'name': 'Mystery'}, {'id': 53, 'name': 'Thriller'}]","[{'id': 428, 'name': 'nurse'}, {'id': 1003, 'name': 'photographer'}, {'id': 2619, 'name': 'suspicion of murder'}, {'id': 5490, 'name': 'girlfriend'}, {'id': 10226, 'name': 'neighbor'}, {'id': 10332, 'name': 'salesman'}, {'id': 33632, 'name': 'apartment'}, {'id': 160967, 'name': 'convalescence'}, {'id': 178649, 'name': 'voyeurism'}, {'id': 236909, 'name': 'homebound'}]"
3,Frenzy,"[{'id': 80, 'name': 'Crime'}, {'id': 18, 'name': 'Drama'}, {'id': 9648, 'name': 'Mystery'}, {'id': 53, 'name': 'Thriller'}]","[{'id': 212, 'name': 'london england'}, {'id': 570, 'name': 'rape'}, {'id': 6149, 'name': 'police'}, {'id': 9937, 'name': 'suspense'}, {'id': 10714, 'name': 'serial killer'}]"
3,The Conversation,"[{'id': 80, 'name': 'Crime'}, {'id': 18, 'name': 'Drama'}, {'id': 9648, 'name': 'Mystery'}]","[{'id': 582, 'name': 'san francisco'}, {'id': 2340, 'name': 'paranoia'}, {'id': 2380, 'name': 'audio tape'}, {'id': 2980, 'name': 'wiretap'}, {'id': 4918, 'name': 'shadowing'}]"
3,Lost Highway,"[{'id': 18, 'name': 'Drama'}, {'id': 53, 'name': 'Thriller'}, {'id': 9648, 'name': 'Mystery'}]","[{'id': 222, 'name': 'schizophrenia'}, {'id': 378, 'name': 'prison'}, {'id': 445, 'name': 'pornography'}, {'id': 625, 'name': 'sadistic'}, {'id': 851, 'name': 'dual identity'}, {'id': 931, 'name': 'jealousy'}, {'id': 1566, 'name': 'dream'}, {'id': 1664, 'name': 'eroticism'}, {'id': 2039, 'name': 'sexual frustration'}, {'id': 2320, 'name': 'violent husband'}, {'id': 2340, 'name': 'paranoia'}, {'id': 2359, 'name': 'headache'}, {'id': 2496, 'name': 'impotence'}, {'id': 2669, 'name': 'motel'}, {'id': 2885, 'name': 'prison cell'}, {'id': 3017, 'name': 'jazz musician'}, {'id': 3030, 'name': 'nightmare'}, {'id': 3149, 'name': 'gangster boss'}, {'id': 3295, 'name': 'vicious circle'}, {'id': 3296, 'name': 'car mechanic'}, {'id': 3297, 'name': 'videoband'}, {'id': 3298, 'name': 'hallucination'}, {'id': 3300, 'name': 'cadillac'}, {'id': 3301, 'name': 'suspicion'}, {'id': 3302, 'name': 'bloodthirstiness'}, {'id': 3303, 'name': 'bedroom'}, {'id': 3305, 'name': 'housebreaking'}, {'id': 3306, 'name': 'highway'}, {'id': 3307, 'name': 'surreal'}, {'id': 3394, 'name': 'identity crisis'}, {'id': 3737, 'name': 'dying and death'}, {'id': 4375, 'name': 'transformation'}, {'id': 6149, 'name': 'police'}, {'id': 6255, 'name': 'insanity'}, {'id': 9826, 'name': 'murder'}, {'id': 9844, 'name': 'car crash'}, {'id': 34094, 'name': 'extramarital affair'}, {'id': 189421, 'name': 'female corpse'}]"
3,Out of the Past,"[{'id': 18, 'name': 'Drama'}, {'id': 9648, 'name': 'Mystery'}, {'id': 53, 'name': 'Thriller'}]","[{'id': 703, 'name': 'detective'}, {'id': 1415, 'name': 'small town'}, {'id': 1420, 'name': 'gas station'}, {'id': 1635, 'name': 'deaf-mute'}, {'id': 1660, 'name': 'suppressed past'}, {'id': 9016, 'name': 'femme fatale'}, {'id': 9104, 'name': 'partner'}, {'id': 9758, 'name': 'deception'}, {'id': 11435, 'name': 'briefcase'}, {'id': 13142, 'name': 'gangster'}, {'id': 33456, 'name': 'double cross'}, {'id': 155436, 'name': 'classic noir'}, {'id': 177362, 'name': 'tax evasion'}, {'id': 180172, 'name': 'framed for murder'}, {'id': 195402, 'name': 'film noir'}]"
4,The Big One,"[{'id': 99, 'name': 'Documentary'}]","[{'id': 378, 'name': 'prison'}, {'id': 822, 'name': 'airport'}, {'id': 2398, 'name': 'narration'}, {'id': 2494, 'name': 'ohio'}, {'id': 4108, 'name': 'protest'}]"
4,Jesus Camp,"[{'id': 99, 'name': 'Documentary'}]","[{'id': 186, 'name': 'christianity'}, {'id': 1536, 'name': 'religious education'}, {'id': 5767, 'name': 'summer camp'}, {'id': 9649, 'name': 'god'}, {'id': 10183, 'name': 'independent film'}, {'id': 11529, 'name': 'conservatism'}, {'id': 14765, 'name': 'church'}, {'id': 15302, 'name': 'evangelical christianity'}, {'id': 18071, 'name': 'belief in god'}, {'id': 33858, 'name': 'right wing'}, {'id': 164810, 'name': 'religious fundamentalism'}, {'id': 166950, 'name': 'indoctrination'}, {'id': 187056, 'name': 'woman director'}]"
4,The Backyard,"[{'id': 99, 'name': 'Documentary'}]","[{'id': 206441, 'name': 'pro wrestling'}, {'id': 206542, 'name': 'backyard wrestling'}]"
4,Roger & Me,"[{'id': 99, 'name': 'Documentary'}, {'id': 36, 'name': 'History'}]","[{'id': 592, 'name': 'capitalism'}, {'id': 14737, 'name': 'economics'}, {'id': 156052, 'name': 'unemployment'}, {'id': 156338, 'name': 'corporate greed'}]"
4,An Inconvenient Truth,"[{'id': 99, 'name': 'Documentary'}]","[{'id': 2210, 'name': 'climate change'}, {'id': 2212, 'name': 'greenhouse effect'}, {'id': 3693, 'name': 'climate'}, {'id': 4627, 'name': 'earth'}, {'id': 5769, 'name': 'global warming'}, {'id': 6078, 'name': 'politics'}, {'id': 6256, 'name': 'truth'}, {'id': 6711, 'name': 'crisis'}, {'id': 18330, 'name': 'nature'}, {'id': 33577, 'name': 'environment'}, {'id': 156810, 'name': 'science'}, {'id': 164090, 'name': 'audience'}]"
4,Dixie Chicks: Shut Up and Sing,"[{'id': 99, 'name': 'Documentary'}]","[{'id': 1604, 'name': 'operation'}, {'id': 1749, 'name': 'taxi driver'}, {'id': 3636, 'name': 'face operation'}, {'id': 5451, 'name': 'comic book'}, {'id': 6349, 'name': 'bulgaria'}, {'id': 6350, 'name': 'head injury'}, {'id': 6351, 'name': 'chief executive officer'}, {'id': 10183, 'name': 'independent film'}, {'id': 13005, 'name': 'doctor'}]"
4,Capturing the Friedmans,"[{'id': 99, 'name': 'Documentary'}]","[{'id': 1291, 'name': 'central and south america'}, {'id': 3009, 'name': 'farm worker'}, {'id': 4932, 'name': 'farm'}, {'id': 6285, 'name': ""coup d'etat""}, {'id': 6451, 'name': 'santiago'}, {'id': 11627, 'name': 'paranormal phenomena'}, {'id': 11925, 'name': 'domestic violence'}, {'id': 155881, 'name': 'estate'}, {'id': 208720, 'name': 'family estate'}]"
4,Rize,"[{'id': 99, 'name': 'Documentary'}]","[{'id': 2868, 'name': 'crusade'}, {'id': 2901, 'name': 'crusader'}, {'id': 4379, 'name': 'time travel'}, {'id': 4820, 'name': 'leap in time'}, {'id': 41406, 'name': 'middle ages'}]"
4,Sicko,"[{'id': 99, 'name': 'Documentary'}]","[{'id': 1760, 'name': 'casual meeting'}, {'id': 2062, 'name': 'restart'}, {'id': 3489, 'name': 'job interview'}, {'id': 4042, 'name': 'underclass'}, {'id': 4673, 'name': 'consumption'}, {'id': 6069, 'name': 'class'}, {'id': 162262, 'name': 'movie star'}, {'id': 179430, 'name': 'aftercreditsstinger'}, {'id': 179431, 'name': 'duringcreditsstinger'}]"
4,Der rote Elvis,"[{'id': 99, 'name': 'Documentary'}]","[{'id': 90, 'name': 'paris'}, {'id': 549, 'name': 'prostitute'}, {'id': 1667, 'name': 'pimp'}, {'id': 2038, 'name': ""love of one's life""}, {'id': 4750, 'name': 'red-light disctrict'}, {'id': 5319, 'name': 'pub'}, {'id': 6149, 'name': 'police'}]"
5,Postal,"[{'id': 28, 'name': 'Action'}, {'id': 35, 'name': 'Comedy'}]","[{'id': 293, 'name': 'female nudity'}, {'id': 1326, 'name': 'infidelity'}, {'id': 2848, 'name': 'tennis player'}, {'id': 2864, 'name': 'one-night stand'}, {'id': 4115, 'name': 'longing'}, {'id': 14534, 'name': 'relationship'}, {'id': 155790, 'name': 'private detective'}]"
5,The In-Laws,"[{'id': 28, 'name': 'Action'}, {'id': 35, 'name': 'Comedy'}]","[{'id': 139, 'name': 'anti terror'}, {'id': 321, 'name': 'terror'}, {'id': 591, 'name': 'cia'}, {'id': 697, 'name': 'loss of son'}, {'id': 796, 'name': 'police brutality'}, {'id': 949, 'name': 'terrorist'}, {'id': 963, 'name': 'loss of brother'}, {'id': 1242, 'name': 'war against terror'}, {'id': 1930, 'name': 'kidnapping'}, {'id': 2051, 'name': 'intelligence'}, {'id': 2300, 'name': 'despair'}, {'id': 2614, 'name': 'inhumanity'}, {'id': 2944, 'name': 'senator'}, {'id': 3047, 'name': 'plo'}, {'id': 4098, 'name': 'civil rights activist'}, {'id': 4245, 'name': 'hijacking'}, {'id': 4460, 'name': 'terror cell'}, {'id': 4549, 'name': 'loss of husband'}, {'id': 6078, 'name': 'politics'}, {'id': 6083, 'name': 'politician'}, {'id': 6086, 'name': 'government'}, {'id': 6381, 'name': 'loss of daughter'}, {'id': 7097, 'name': 'torture by the police'}, {'id': 13006, 'name': 'torture'}, {'id': 14624, 'name': 'cruelty'}, {'id': 14638, 'name': 'american'}, {'id': 18420, 'name': 'surveillance'}]"
5,The Wrong Guys,"[{'id': 28, 'name': 'Action'}, {'id': 35, 'name': 'Comedy'}]","[{'id': 293, 'name': 'female nudity'}, {'id': 2483, 'name': 'nudity'}, {'id': 4204, 'name': 'deputy'}, {'id': 10332, 'name': 'salesman'}]"
5,"Cherry, Harry & Raquel!","[{'id': 28, 'name': 'Action'}, {'id': 35, 'name': 'Comedy'}]","[{'id': 293, 'name': 'female nudity'}, {'id': 2496, 'name': 'impotence'}, {'id': 3508, 'name': 'underwear'}, {'id': 162993, 'name': 'dark humor'}, {'id': 190370, 'name': 'erotic movie'}]"
5,Showtime,"[{'id': 28, 'name': 'Action'}, {'id': 35, 'name': 'Comedy'}]","[{'id': 7542, 'name': 'foreign worker'}, {'id': 190370, 'name': 'erotic movie'}]"
5,Crime Spree,"[{'id': 28, 'name': 'Action'}, {'id': 35, 'name': 'Comedy'}]","[{'id': 2652, 'name': 'nazis'}, {'id': 11064, 'name': 'nazi germany'}]"
5,Tropic Thunder,"[{'id': 28, 'name': 'Action'}, {'id': 35, 'name': 'Comedy'}]","[{'id': 534, 'name': 'mexico'}, {'id': 567, 'name': 'alcohol'}, {'id': 1322, 'name': 'money delivery'}, {'id': 1953, 'name': 'vault'}, {'id': 2784, 'name': 'mother role'}, {'id': 2864, 'name': 'one-night stand'}, {'id': 4725, 'name': 'baby-snatching'}, {'id': 6255, 'name': 'insanity'}, {'id': 10594, 'name': 'money'}, {'id': 14819, 'name': 'violence'}, {'id': 14964, 'name': 'drug'}, {'id': 208349, 'name': 'child'}]"
5,The Gods Must Be Crazy,"[{'id': 28, 'name': 'Action'}, {'id': 35, 'name': 'Comedy'}]","[{'id': 1366, 'name': 'shotgun'}, {'id': 166541, 'name': 'betrayed'}, {'id': 166552, 'name': 'quick draw'}]"
5,L'Animal,"[{'id': 28, 'name': 'Action'}, {'id': 35, 'name': 'Comedy'}]","[{'id': 3800, 'name': 'airplane'}, {'id': 4497, 'name': 'universal exhibition'}, {'id': 5694, 'name': 'elvis'}, {'id': 8086, 'name': 'crop duster'}, {'id': 162954, 'name': 'elvis presley'}]"
5,Another Stakeout,"[{'id': 28, 'name': 'Action'}, {'id': 35, 'name': 'Comedy'}]","[{'id': 641, 'name': 'single parent'}, {'id': 2492, 'name': 'bank robber'}, {'id': 4813, 'name': 'last chance'}, {'id': 12670, 'name': 'los angeles'}]"
6,Money Talks,"[{'id': 28, 'name': 'Action'}, {'id': 12, 'name': 'Adventure'}, {'id': 35, 'name': 'Comedy'}]","[{'id': 478, 'name': 'china'}, {'id': 2122, 'name': 'death penalty'}, {'id': 3703, 'name': 'law'}, {'id': 4480, 'name': 'business man'}, {'id': 9826, 'name': 'murder'}]"
6,Wrongfully Accused,"[{'id': 28, 'name': 'Action'}, {'id': 12, 'name': 'Adventure'}, {'id': 35, 'name': 'Comedy'}]","[{'id': 658, 'name': 'sea'}, {'id': 1477, 'name': 'world cup'}, {'id': 1524, 'name': 'surfer'}, {'id': 1669, 'name': 'wave'}, {'id': 1671, 'name': 'surfboard'}, {'id': 2581, 'name': 'giant wave'}, {'id': 5378, 'name': 'world champion'}, {'id': 5614, 'name': 'idol'}, {'id': 11800, 'name': 'mockumentary'}]"
6,Charlie's Angels: Full Throttle,"[{'id': 28, 'name': 'Action'}, {'id': 12, 'name': 'Adventure'}, {'id': 35, 'name': 'Comedy'}]","[{'id': 345, 'name': 'monk'}, {'id': 779, 'name': 'martial arts'}, {'id': 780, 'name': 'kung fu'}, {'id': 1530, 'name': 'temple'}, {'id': 2041, 'name': 'island'}, {'id': 9390, 'name': 'shaolin'}, {'id': 156159, 'name': 'martial arts tournament'}, {'id': 167352, 'name': 'crime lord'}]"
6,Tango & Cash,"[{'id': 28, 'name': 'Action'}, {'id': 12, 'name': 'Adventure'}, {'id': 35, 'name': 'Comedy'}]","[{'id': 1566, 'name': 'dream'}, {'id': 2346, 'name': 'worker'}, {'id': 2755, 'name': 'country life'}, {'id': 3009, 'name': 'farm worker'}, {'id': 4932, 'name': 'farm'}, {'id': 4966, 'name': 'error'}, {'id': 5571, 'name': 'great depression'}]"
6,Allan Quatermain and the Lost City of Gold,"[{'id': 28, 'name': 'Action'}, {'id': 12, 'name': 'Adventure'}, {'id': 35, 'name': 'Comedy'}]","[{'id': 570, 'name': 'rape'}, {'id': 1328, 'name': 'secret'}, {'id': 1360, 'name': 'minnesota'}, {'id': 3581, 'name': 'witness'}, {'id': 4781, 'name': 'miner'}, {'id': 6060, 'name': 'insult'}, {'id': 6148, 'name': 'court'}, {'id': 7335, 'name': 'lawsuit'}, {'id': 9673, 'name': 'love'}, {'id': 10768, 'name': 'lesbian'}, {'id': 14643, 'name': 'battle'}, {'id': 14678, 'name': 'case'}, {'id': 15184, 'name': 'woman'}, {'id': 187056, 'name': 'woman director'}, {'id': 190938, 'name': 'landmark'}, {'id': 196626, 'name': 'harrassment'}, {'id': 202506, 'name': 'legal'}]"
6,Epic Movie,"[{'id': 28, 'name': 'Action'}, {'id': 12, 'name': 'Adventure'}, {'id': 35, 'name': 'Comedy'}]","[{'id': 736, 'name': 'journalist'}, {'id': 1809, 'name': 'rio de janeiro'}, {'id': 11719, 'name': 'dirty cop'}, {'id': 172455, 'name': 'fletch'}, {'id': 172463, 'name': 'cabana'}, {'id': 172466, 'name': 'country club'}, {'id': 172471, 'name': 'divorce lawyer'}]"
6,King Solomon's Mines,"[{'id': 28, 'name': 'Action'}, {'id': 12, 'name': 'Adventure'}, {'id': 35, 'name': 'Comedy'}]","[{'id': 1336, 'name': 'ransom'}, {'id': 1382, 'name': 'factory'}, {'id': 1453, 'name': 'amnesia'}, {'id': 1930, 'name': 'kidnapping'}, {'id': 5458, 'name': 'men'}, {'id': 6149, 'name': 'police'}, {'id': 6162, 'name': 'past'}, {'id': 9794, 'name': 'toxic'}, {'id': 10349, 'name': 'survival'}, {'id': 163132, 'name': 'photographic memory'}]"
6,The Three Musketeers,"[{'id': 28, 'name': 'Action'}, {'id': 12, 'name': 'Adventure'}, {'id': 35, 'name': 'Comedy'}]","[{'id': 6092, 'name': 'army'}, {'id': 10089, 'name': 'slaughter'}, {'id': 14964, 'name': 'drug'}]"
6,The Golden Child,"[{'id': 28, 'name': 'Action'}, {'id': 12, 'name': 'Adventure'}, {'id': 35, 'name': 'Comedy'}]","[{'id': 3676, 'name': 'living together'}, {'id': 6147, 'name': 'delinquency'}, {'id': 8015, 'name': 'cop'}, {'id': 14909, 'name': 'alien invasion'}]"
6,Around the World in 80 Days,"[{'id': 28, 'name': 'Action'}, {'id': 12, 'name': 'Adventure'}, {'id': 35, 'name': 'Comedy'}]","[{'id': 1508, 'name': 'new mexico'}, {'id': 5149, 'name': 'banishment'}, {'id': 5539, 'name': 'shield'}, {'id': 8828, 'name': 'marvel comic'}, {'id': 9366, 'name': 'hammer'}, {'id': 9715, 'name': 'superhero'}, {'id': 9717, 'name': 'based on comic'}, {'id': 11436, 'name': 'redemption'}, {'id': 179101, 'name': 'norse mythology'}, {'id': 179430, 'name': 'aftercreditsstinger'}, {'id': 180547, 'name': 'marvel cinematic universe'}, {'id': 209714, 'name': '3d'}, {'id': 209818, 'name': 'asgard'}, {'id': 232926, 'name': 'odin'}, {'id': 232932, 'name': 'heimdall'}]"
7,Species II,"[{'id': 878, 'name': 'Science Fiction'}, {'id': 28, 'name': 'Action'}, {'id': 27, 'name': 'Horror'}]","[{'id': 544, 'name': 'sailboat'}, {'id': 1596, 'name': 'anonymous letter'}, {'id': 3180, 'name': 'sailing'}, {'id': 3452, 'name': 'love letter'}, {'id': 5344, 'name': 'bottle'}]"
7,Alien³,"[{'id': 878, 'name': 'Science Fiction'}, {'id': 28, 'name': 'Action'}, {'id': 27, 'name': 'Horror'}]","[{'id': 254, 'name': 'france'}, {'id': 2504, 'name': 'world war i'}, {'id': 3737, 'name': 'dying and death'}]"
7,Species III,"[{'id': 878, 'name': 'Science Fiction'}, {'id': 28, 'name': 'Action'}, {'id': 27, 'name': 'Horror'}]","[{'id': 2400, 'name': 'juvenile prison'}, {'id': 2679, 'name': 'artist'}, {'id': 9890, 'name': 'jail'}, {'id': 10211, 'name': 'east los angeles'}, {'id': 10700, 'name': 'hood'}, {'id': 10726, 'name': 'gang'}, {'id': 10766, 'name': 'youth gang'}, {'id': 12425, 'name': 'racism'}, {'id': 14964, 'name': 'drug'}, {'id': 164253, 'name': 'mexican american'}, {'id': 183637, 'name': 'barrio'}, {'id': 193309, 'name': 'police shootout'}, {'id': 206318, 'name': 'cholo'}, {'id': 206319, 'name': 'lowrider'}]"
7,Transformers: Revenge of the Fallen,"[{'id': 878, 'name': 'Science Fiction'}, {'id': 28, 'name': 'Action'}, {'id': 12, 'name': 'Adventure'}]","[{'id': 8057, 'name': 'cincinnati'}, {'id': 187056, 'name': 'woman director'}]"
7,Steel,"[{'id': 878, 'name': 'Science Fiction'}, {'id': 28, 'name': 'Action'}, {'id': 12, 'name': 'Adventure'}]","[{'id': 1605, 'name': 'new love'}, {'id': 1778, 'name': 'ruhr'}, {'id': 2172, 'name': 'zoo'}, {'id': 2629, 'name': 'psychological stress'}, {'id': 2864, 'name': 'one-night stand'}, {'id': 6846, 'name': 'borderline personality disorder'}, {'id': 34094, 'name': 'extramarital affair'}]"
7,Ultraviolet,"[{'id': 878, 'name': 'Science Fiction'}, {'id': 28, 'name': 'Action'}, {'id': 53, 'name': 'Thriller'}]","[{'id': 622, 'name': 'bet'}, {'id': 3658, 'name': 'career'}, {'id': 5332, 'name': 'greed'}, {'id': 6075, 'name': 'sport'}, {'id': 155791, 'name': 'american football player'}, {'id': 231069, 'name': 'inspired by a true story'}]"
7,Volcano,"[{'id': 878, 'name': 'Science Fiction'}, {'id': 28, 'name': 'Action'}, {'id': 18, 'name': 'Drama'}, {'id': 53, 'name': 'Thriller'}]","[{'id': 830, 'name': 'car race'}, {'id': 3296, 'name': 'car mechanic'}, {'id': 6149, 'name': 'police'}, {'id': 6996, 'name': 'car garage'}]"
7,Babylon 5: The Gathering,"[{'id': 878, 'name': 'Science Fiction'}, {'id': 28, 'name': 'Action'}, {'id': 12, 'name': 'Adventure'}]","[{'id': 293, 'name': 'female nudity'}, {'id': 2452, 'name': 'crematorium'}, {'id': 2483, 'name': 'nudity'}, {'id': 4470, 'name': 'punk'}, {'id': 6129, 'name': 'company'}, {'id': 10183, 'name': 'independent film'}, {'id': 10327, 'name': 'undead'}, {'id': 11181, 'name': 'decapitation'}, {'id': 12377, 'name': 'zombie'}, {'id': 41603, 'name': 'paramedic'}, {'id': 155619, 'name': 'attic'}, {'id': 157234, 'name': 'cemetary'}, {'id': 157444, 'name': 'dismemberment'}, {'id': 157892, 'name': 'warehouse'}, {'id': 157893, 'name': 'stairs'}, {'id': 207492, 'name': 'night of the living dead'}, {'id': 207891, 'name': 'walking dead'}, {'id': 234040, 'name': 'louisville'}]"
7,Fortress 2,"[{'id': 878, 'name': 'Science Fiction'}, {'id': 28, 'name': 'Action'}]","[{'id': 1422, 'name': 'boat'}, {'id': 1453, 'name': 'amnesia'}, {'id': 2676, 'name': 'honeymoon'}, {'id': 6876, 'name': 'vacation'}, {'id': 9714, 'name': 'remake'}, {'id': 162271, 'name': 'husband'}]"
7,The Toxic Avenger,"[{'id': 878, 'name': 'Science Fiction'}, {'id': 28, 'name': 'Action'}, {'id': 35, 'name': 'Comedy'}, {'id': 27, 'name': 'Horror'}]","[{'id': 392, 'name': 'england'}, {'id': 11523, 'name': 'capital punishment'}]"
8,Jarhead,"[{'id': 18, 'name': 'Drama'}, {'id': 10752, 'name': 'War'}]","[{'id': 1589, 'name': 'sniper'}, {'id': 4405, 'name': 'marine corps'}, {'id': 5174, 'name': 'saudi arabia'}, {'id': 5175, 'name': 'petrol'}, {'id': 161236, 'name': 'golf war'}, {'id': 188114, 'name': 'u.s. marine'}]"
8,Apocalypse Now,"[{'id': 18, 'name': 'Drama'}, {'id': 10752, 'name': 'War'}]","[{'id': 1008, 'name': 'guerrilla'}, {'id': 1261, 'name': 'river'}, {'id': 2956, 'name': 'vietnam'}, {'id': 2959, 'name': 'vietcong'}, {'id': 2960, 'name': 'cambodia'}, {'id': 6092, 'name': 'army'}, {'id': 6255, 'name': 'insanity'}, {'id': 10148, 'name': 'tribe'}, {'id': 10403, 'name': 'green beret'}, {'id': 10787, 'name': 'jungle'}, {'id': 12332, 'name': 'apocalypse'}, {'id': 34079, 'name': 'death'}, {'id': 177275, 'name': 'napalm'}]"
8,All Quiet on the Western Front,"[{'id': 18, 'name': 'Drama'}, {'id': 10752, 'name': 'War'}]","[{'id': 74, 'name': 'germany'}, {'id': 260, 'name': 'disillusion'}, {'id': 2504, 'name': 'world war i'}, {'id': 6092, 'name': 'army'}, {'id': 10075, 'name': 'boot camp'}, {'id': 10141, 'name': 'battlefield'}, {'id': 11139, 'name': 'steel helmet'}, {'id': 18543, 'name': 'combat'}, {'id': 33638, 'name': 'warfare'}, {'id': 188725, 'name': 'trenches'}, {'id': 227807, 'name': 'young soldier'}, {'id': 235080, 'name': 'battlefield trauma'}]"
8,Die Blechtrommel,"[{'id': 18, 'name': 'Drama'}, {'id': 36, 'name': 'History'}, {'id': 10752, 'name': 'War'}]","[{'id': 74, 'name': 'germany'}, {'id': 236, 'name': 'suicide'}, {'id': 291, 'name': 'circus'}, {'id': 596, 'name': 'adultery'}, {'id': 1525, 'name': 'puberty'}, {'id': 1813, 'name': 'toxication'}, {'id': 1956, 'name': 'world war ii'}, {'id': 2087, 'name': 'lolita'}, {'id': 2587, 'name': 'married couple'}, {'id': 2652, 'name': 'nazis'}, {'id': 2783, 'name': ""family's daily life""}, {'id': 3321, 'name': 'childhood memory'}, {'id': 3406, 'name': 'fall from staircase'}, {'id': 3407, 'name': 'suffocation'}, {'id': 3409, 'name': 'gdansk'}, {'id': 3410, 'name': 'kaschubia'}, {'id': 3568, 'name': 'lone wolf'}, {'id': 10183, 'name': 'independent film'}, {'id': 13149, 'name': 'pregnancy'}, {'id': 156195, 'name': 'family feud'}, {'id': 193008, 'name': 'red army'}, {'id': 209966, 'name': 'new german cinema'}]"
8,Hotel Rwanda,"[{'id': 18, 'name': 'Drama'}, {'id': 36, 'name': 'History'}, {'id': 10752, 'name': 'War'}]","[{'id': 971, 'name': 'rwanda'}, {'id': 972, 'name': 'refugee'}, {'id': 973, 'name': 'refugee camp'}, {'id': 1550, 'name': 'militia'}, {'id': 9826, 'name': 'murder'}, {'id': 10089, 'name': 'slaughter'}, {'id': 10877, 'name': 'dead body'}, {'id': 11872, 'name': 'atrocity'}, {'id': 13069, 'name': 'african'}, {'id': 14624, 'name': 'cruelty'}, {'id': 14819, 'name': 'violence'}, {'id': 15053, 'name': 'united nations'}, {'id': 33617, 'name': 'genocide in rwanda'}, {'id': 34079, 'name': 'death'}]"
8,The English Patient,"[{'id': 18, 'name': 'Drama'}, {'id': 10749, 'name': 'Romance'}, {'id': 10752, 'name': 'War'}]","[{'id': 487, 'name': 'cairo'}, {'id': 1160, 'name': 'egypt'}, {'id': 1284, 'name': 'identity'}, {'id': 1453, 'name': 'amnesia'}, {'id': 1956, 'name': 'world war ii'}, {'id': 1959, 'name': 'burn'}, {'id': 1961, 'name': 'landmine'}, {'id': 1963, 'name': 'expedition'}, {'id': 1964, 'name': 'cave'}, {'id': 1965, 'name': 'sandstorm'}, {'id': 1966, 'name': 'royal geographic society'}, {'id': 1967, 'name': 'cave painting'}, {'id': 1968, 'name': 'prisoners of war'}, {'id': 1969, 'name': 'map'}, {'id': 1971, 'name': 'mine clearer'}, {'id': 1972, 'name': 'hearing'}, {'id': 2050, 'name': 'desert scientist'}, {'id': 2051, 'name': 'intelligence'}, {'id': 2052, 'name': 'traitor'}, {'id': 2053, 'name': 'mural painting'}, {'id': 3800, 'name': 'airplane'}, {'id': 7879, 'name': 'secret love'}]"
8,The Pianist,"[{'id': 18, 'name': 'Drama'}, {'id': 10752, 'name': 'War'}]","[{'id': 30, 'name': 'individual'}, {'id': 836, 'name': 'resistance'}, {'id': 1224, 'name': 'radio station'}, {'id': 1327, 'name': 'war crimes'}, {'id': 1465, 'name': 'loss of family'}, {'id': 1468, 'name': 'child murderer'}, {'id': 1899, 'name': 'hunger'}, {'id': 1956, 'name': 'world war ii'}, {'id': 1968, 'name': 'prisoners of war'}, {'id': 2156, 'name': 'homeland'}, {'id': 2428, 'name': 'deportation'}, {'id': 2430, 'name': 'hiding place'}, {'id': 2431, 'name': 'ghetto riot'}, {'id': 2433, 'name': 'jew persecution'}, {'id': 2434, 'name': 'liberation'}, {'id': 2435, 'name': 'warsaw ghetto'}, {'id': 2436, 'name': 'polish resistance'}, {'id': 2652, 'name': 'nazis'}, {'id': 5565, 'name': 'biography'}, {'id': 5783, 'name': 'classical music'}, {'id': 11102, 'name': 'panzer'}, {'id': 14743, 'name': 'pianist'}]"
8,Full Metal Jacket,"[{'id': 18, 'name': 'Drama'}, {'id': 10752, 'name': 'War'}]","[{'id': 236, 'name': 'suicide'}, {'id': 549, 'name': 'prostitute'}, {'id': 720, 'name': 'helicopter'}, {'id': 818, 'name': 'based on novel'}, {'id': 917, 'name': 'journalism'}, {'id': 1589, 'name': 'sniper'}, {'id': 2903, 'name': 'propaganda'}, {'id': 2956, 'name': 'vietnam'}, {'id': 2999, 'name': 'recruit'}, {'id': 4747, 'name': 'war photographer'}, {'id': 5299, 'name': 'war correspondent'}, {'id': 6091, 'name': 'war'}, {'id': 10075, 'name': 'boot camp'}, {'id': 10084, 'name': 'rescue'}, {'id': 10787, 'name': 'jungle'}, {'id': 11106, 'name': 'infantry'}, {'id': 11400, 'name': 'sergeant'}, {'id': 12425, 'name': 'racism'}, {'id': 14819, 'name': 'violence'}, {'id': 14900, 'name': 'genocide'}, {'id': 14955, 'name': 'fighting'}, {'id': 15240, 'name': 'platoon'}, {'id': 18543, 'name': 'combat'}, {'id': 46962, 'name': 'discipline'}, {'id': 161840, 'name': 'obstacle course'}, {'id': 169144, 'name': 'peace sign'}, {'id': 188114, 'name': 'u.s. marine'}, {'id': 226426, 'name': 'mass grave'}, {'id': 227845, 'name': 'blanket party'}]"
8,Der Untergang,"[{'id': 18, 'name': 'Drama'}, {'id': 36, 'name': 'History'}, {'id': 10752, 'name': 'War'}]","[{'id': 220, 'name': 'berlin'}, {'id': 351, 'name': 'poison'}, {'id': 407, 'name': 'dictator'}, {'id': 1443, 'name': 'clerk'}, {'id': 1698, 'name': 'ideology'}, {'id': 1956, 'name': 'world war ii'}, {'id': 2052, 'name': 'traitor'}, {'id': 2300, 'name': 'despair'}, {'id': 2535, 'name': 'destroy'}, {'id': 2850, 'name': 'testament'}, {'id': 3054, 'name': 'capitulation'}, {'id': 3055, 'name': 'soviet troops'}, {'id': 3060, 'name': 'race politics'}, {'id': 3061, 'name': 'national socialism'}, {'id': 3063, 'name': 'adolf hitler'}, {'id': 3064, 'name': 'ultimate victory'}, {'id': 3065, 'name': 'minister'}, {'id': 3068, 'name': 'national socialist party'}, {'id': 3737, 'name': 'dying and death'}, {'id': 6165, 'name': 'historical figure'}, {'id': 33671, 'name': 'german shepherd'}]"
8,The Killing Fields,"[{'id': 10752, 'name': 'War'}, {'id': 18, 'name': 'Drama'}, {'id': 36, 'name': 'History'}]","[{'id': 393, 'name': 'civil war'}, {'id': 736, 'name': 'journalist'}, {'id': 1003, 'name': 'photographer'}, {'id': 2956, 'name': 'vietnam'}, {'id': 2960, 'name': 'cambodia'}, {'id': 3104, 'name': 'killing fields'}, {'id': 3105, 'name': 'red khmer'}, {'id': 3106, 'name': 'pol pot'}, {'id': 9672, 'name': 'based on true story'}, {'id': 14900, 'name': 'genocide'}, {'id': 185722, 'name': 'based on true events'}]"
9,Final Fantasy VII: Advent Children,"[{'id': 28, 'name': 'Action'}, {'id': 12, 'name': 'Adventure'}, {'id': 16, 'name': 'Animation'}, {'id': 14, 'name': 'Fantasy'}]","[{'id': 467, 'name': 'megacity'}, {'id': 1400, 'name': 'swordplay'}, {'id': 2564, 'name': 'wheelchair'}, {'id': 3800, 'name': 'airplane'}, {'id': 41645, 'name': 'based on video game'}, {'id': 162715, 'name': 'ruins'}]"
9,The Incredibles,"[{'id': 28, 'name': 'Action'}, {'id': 12, 'name': 'Adventure'}, {'id': 16, 'name': 'Animation'}, {'id': 10751, 'name': 'Family'}]","[{'id': 2505, 'name': 'coronation'}, {'id': 4849, 'name': 'exile'}, {'id': 6091, 'name': 'war'}, {'id': 7154, 'name': 'tatars'}, {'id': 10202, 'name': 'treason'}, {'id': 13027, 'name': 'wedding'}, {'id': 14765, 'name': 'church'}, {'id': 34038, 'name': 'intrigue'}, {'id': 189151, 'name': 'medieval times'}, {'id': 228357, 'name': 'zar'}]"
9,The Ant Bully,"[{'id': 14, 'name': 'Fantasy'}, {'id': 12, 'name': 'Adventure'}, {'id': 16, 'name': 'Animation'}, {'id': 35, 'name': 'Comedy'}, {'id': 10751, 'name': 'Family'}]","[{'id': 3297, 'name': 'videoband'}, {'id': 10226, 'name': 'neighbor'}, {'id': 18420, 'name': 'surveillance'}]"
9,How to Train Your Dragon,"[{'id': 14, 'name': 'Fantasy'}, {'id': 12, 'name': 'Adventure'}, {'id': 16, 'name': 'Animation'}, {'id': 10751, 'name': 'Family'}]","[{'id': 6019, 'name': 'human trafficking'}, {'id': 187056, 'name': 'woman director'}]"
9,Shrek Forever After,"[{'id': 35, 'name': 'Comedy'}, {'id': 12, 'name': 'Adventure'}, {'id': 14, 'name': 'Fantasy'}, {'id': 16, 'name': 'Animation'}, {'id': 10751, 'name': 'Family'}]","[{'id': 14534, 'name': 'relationship'}, {'id': 159753, 'name': 'ensemble cast'}, {'id': 179431, 'name': 'duringcreditsstinger'}]"
9,Toy Story 3,"[{'id': 16, 'name': 'Animation'}, {'id': 10751, 'name': 'Family'}, {'id': 35, 'name': 'Comedy'}]","[{'id': 1003, 'name': 'photographer'}, {'id': 4452, 'name': 'butcher'}, {'id': 4459, 'name': 'vegetarian'}, {'id': 5152, 'name': 'midnight'}, {'id': 8636, 'name': 'blood splatter'}, {'id': 10292, 'name': 'gore'}, {'id': 10333, 'name': 'stalking'}, {'id': 10738, 'name': 'diner'}, {'id': 11181, 'name': 'decapitation'}, {'id': 11221, 'name': 'blood'}, {'id': 14819, 'name': 'violence'}, {'id': 177489, 'name': 'subway train'}, {'id': 212412, 'name': 'very little dialogue'}]"
9,Stuart Little 2,"[{'id': 10751, 'name': 'Family'}, {'id': 12, 'name': 'Adventure'}, {'id': 16, 'name': 'Animation'}, {'id': 35, 'name': 'Comedy'}]","[{'id': 1004, 'name': 'commercial'}, {'id': 2282, 'name': 'love of animals'}, {'id': 3568, 'name': 'lone wolf'}, {'id': 5334, 'name': 'vineyard'}, {'id': 198141, 'name': 'strange person'}, {'id': 208358, 'name': 'conquest'}, {'id': 220204, 'name': 'winery'}]"
9,Tekkon kinkurîto,"[{'id': 28, 'name': 'Action'}, {'id': 12, 'name': 'Adventure'}, {'id': 16, 'name': 'Animation'}]","[{'id': 416, 'name': 'miami'}, {'id': 591, 'name': 'cia'}, {'id': 881, 'name': 'money transfer'}, {'id': 1704, 'name': 'ambassador'}, {'id': 1930, 'name': 'kidnapping'}, {'id': 3070, 'name': 'mercenary'}, {'id': 4079, 'name': 'lighthouse'}, {'id': 10950, 'name': 'shootout'}, {'id': 15363, 'name': 'bank robbery'}, {'id': 33456, 'name': 'double cross'}, {'id': 33626, 'name': 'millionaire'}, {'id': 41668, 'name': 'safe house'}, {'id': 155445, 'name': 'bank vault'}, {'id': 176806, 'name': 'cape town south africa'}, {'id': 191047, 'name': 'prison break'}]"
9,Donkey Xote,"[{'id': 10751, 'name': 'Family'}, {'id': 12, 'name': 'Adventure'}, {'id': 16, 'name': 'Animation'}]","[{'id': 242, 'name': 'new york'}, {'id': 9929, 'name': 'remarriage'}, {'id': 10226, 'name': 'neighbor'}, {'id': 14512, 'name': 'new york city'}, {'id': 15160, 'name': 'divorce'}, {'id': 15162, 'name': 'dog'}, {'id': 41185, 'name': 'heiress'}, {'id': 155457, 'name': 'screwball comedy'}, {'id': 207592, 'name': 'piano'}, {'id': 214548, 'name': '1930s'}]"
9,Batman: Mask of the Phantasm,"[{'id': 28, 'name': 'Action'}, {'id': 12, 'name': 'Adventure'}, {'id': 16, 'name': 'Animation'}, {'id': 10751, 'name': 'Family'}]","[{'id': 237, 'name': 'gay'}, {'id': 1326, 'name': 'infidelity'}, {'id': 3183, 'name': 'bisexuality'}, {'id': 6038, 'name': 'marriage'}, {'id': 10180, 'name': 'homosexuality'}, {'id': 10198, 'name': 'gay relationship'}, {'id': 187056, 'name': 'woman director'}]"
10,Border Incident,"[{'id': 80, 'name': 'Crime'}, {'id': 18, 'name': 'Drama'}, {'id': 53, 'name': 'Thriller'}]","[{'id': 236, 'name': 'suicide'}, {'id': 237, 'name': 'gay'}, {'id': 10183, 'name': 'independent film'}, {'id': 13130, 'name': 'teenager'}]"
10,Born to Kill,"[{'id': 80, 'name': 'Crime'}, {'id': 18, 'name': 'Drama'}, {'id': 53, 'name': 'Thriller'}]","[{'id': 2389, 'name': 'virgin'}, {'id': 3616, 'name': 'college'}, {'id': 8039, 'name': 'campus'}, {'id': 10183, 'name': 'independent film'}, {'id': 13130, 'name': 'teenager'}, {'id': 14964, 'name': 'drug'}, {'id': 46954, 'name': 'journal'}]"
10,Deadfall,"[{'id': 80, 'name': 'Crime'}, {'id': 18, 'name': 'Drama'}, {'id': 53, 'name': 'Thriller'}]","[{'id': 414, 'name': 'hunter'}, {'id': 161294, 'name': 'biologist'}, {'id': 223059, 'name': 'animal horror'}]"
10,Three Way,"[{'id': 80, 'name': 'Crime'}, {'id': 18, 'name': 'Drama'}, {'id': 53, 'name': 'Thriller'}]","[{'id': 1842, 'name': 'village life'}, {'id': 9963, 'name': 'kids and family'}, {'id': 10718, 'name': 'fugitive'}, {'id': 182281, 'name': 'farming'}, {'id': 193228, 'name': 'wife murderer'}, {'id': 198678, 'name': 'religon'}]"
10,Once a Thief,"[{'id': 80, 'name': 'Crime'}, {'id': 18, 'name': 'Drama'}, {'id': 53, 'name': 'Thriller'}]","[{'id': 90, 'name': 'paris'}, {'id': 570, 'name': 'rape'}, {'id': 2337, 'name': 'pedophilia'}, {'id': 2675, 'name': 'frigidity'}, {'id': 3603, 'name': 'fascist'}, {'id': 4426, 'name': 'sadism'}, {'id': 6038, 'name': 'marriage'}, {'id': 9826, 'name': 'murder'}, {'id': 12425, 'name': 'racism'}, {'id': 14514, 'name': 'class differences'}, {'id': 173254, 'name': 'child rape'}, {'id': 210106, 'name': 'chambermaid'}]"
10,Private Hell 36,"[{'id': 80, 'name': 'Crime'}, {'id': 18, 'name': 'Drama'}, {'id': 53, 'name': 'Thriller'}]","[{'id': 6075, 'name': 'sport'}, {'id': 13042, 'name': 'soccer'}, {'id': 15016, 'name': 'twins'}, {'id': 177035, 'name': 'identity swap'}]"
10,Falling Down,"[{'id': 80, 'name': 'Crime'}, {'id': 18, 'name': 'Drama'}, {'id': 53, 'name': 'Thriller'}]","[{'id': 233, 'name': 'japan'}, {'id': 9820, 'name': 'alternate dimension'}]"
10,The Roaring Twenties,"[{'id': 80, 'name': 'Crime'}, {'id': 18, 'name': 'Drama'}, {'id': 53, 'name': 'Thriller'}]","[{'id': 13015, 'name': 'terrorism'}, {'id': 191479, 'name': 'british farce'}]"
10,Absolute Power,"[{'id': 80, 'name': 'Crime'}, {'id': 18, 'name': 'Drama'}, {'id': 53, 'name': 'Thriller'}]","[{'id': 417, 'name': 'corruption'}, {'id': 441, 'name': 'assassination'}, {'id': 521, 'name': 'washington d.c.'}, {'id': 570, 'name': 'rape'}, {'id': 833, 'name': 'white house'}, {'id': 840, 'name': 'usa president'}, {'id': 5600, 'name': 'daughter'}, {'id': 6086, 'name': 'government'}, {'id': 9937, 'name': 'suspense'}, {'id': 41249, 'name': 'secret service'}, {'id': 208633, 'name': 'secret service agent'}]"
10,Paradise Now,"[{'id': 53, 'name': 'Thriller'}, {'id': 80, 'name': 'Crime'}, {'id': 18, 'name': 'Drama'}]","[{'id': 30, 'name': 'individual'}, {'id': 321, 'name': 'terror'}, {'id': 393, 'name': 'civil war'}, {'id': 536, 'name': 'israel'}, {'id': 537, 'name': 'palestine'}, {'id': 539, 'name': 'middle east'}, {'id': 789, 'name': 'muslim'}, {'id': 5907, 'name': 'middle east conflict'}, {'id': 6054, 'name': 'friendship'}, {'id': 12993, 'name': 'suicide mission'}, {'id': 156052, 'name': 'unemployment'}]"